id;nombre
1;nodo: 1
2;nodo: 2
3;nodo: 3
4;nodo: 4
5;nodo: 5
6;nodo: 6
7;nodo: 7
8;nodo: 8
9;nodo: 9
10;nodo: 10
11;nodo: 11
12;nodo: 12
13;nodo: 13
14;nodo: 14
15;nodo: 15
16;nodo: 16
17;nodo: 17
18;nodo: 18
19;nodo: 19
20;nodo: 20
21;nodo: 21
22;nodo: 22
23;nodo: 23
24;nodo: 24
25;nodo: 25
26;nodo: 26
27;nodo: 27
28;nodo: 28
29;nodo: 29
30;nodo: 30
31;nodo: 31
32;nodo: 32
33;nodo: 33
34;nodo: 34
35;nodo: 35
36;nodo: 36
37;nodo: 37
38;nodo: 38
39;nodo: 39
40;nodo: 40
41;nodo: 41
42;nodo: 42
43;nodo: 43
44;nodo: 44
45;nodo: 45
46;nodo: 46
47;nodo: 47
48;nodo: 48
49;nodo: 49
50;nodo: 50
51;nodo: 51
52;nodo: 52
53;nodo: 53
54;nodo: 54
55;nodo: 55
56;nodo: 56
57;nodo: 57
58;nodo: 58
59;nodo: 59
60;nodo: 60
61;nodo: 61
62;nodo: 62
63;nodo: 63
64;nodo: 64
65;nodo: 65
66;nodo: 66
67;nodo: 67
68;nodo: 68
69;nodo: 69
70;nodo: 70
71;nodo: 71
72;nodo: 72
73;nodo: 73
74;nodo: 74
75;nodo: 75
76;nodo: 76
77;nodo: 77
78;nodo: 78
79;nodo: 79
80;nodo: 80
81;nodo: 81
82;nodo: 82
83;nodo: 83
84;nodo: 84
85;nodo: 85
86;nodo: 86
87;nodo: 87
88;nodo: 88
89;nodo: 89
90;nodo: 90
91;nodo: 91
92;nodo: 92
93;nodo: 93
94;nodo: 94
95;nodo: 95
96;nodo: 96
97;nodo: 97
98;nodo: 98
99;nodo: 99
100;nodo: 100
101;nodo: 101
102;nodo: 102
103;nodo: 103
104;nodo: 104
105;nodo: 105
106;nodo: 106
107;nodo: 107
108;nodo: 108
109;nodo: 109
110;nodo: 110
111;nodo: 111
112;nodo: 112
113;nodo: 113
114;nodo: 114
115;nodo: 115
116;nodo: 116
117;nodo: 117
118;nodo: 118
119;nodo: 119
120;nodo: 120
121;nodo: 121
122;nodo: 122
123;nodo: 123
124;nodo: 124
125;nodo: 125
126;nodo: 126
127;nodo: 127
128;nodo: 128
129;nodo: 129
130;nodo: 130
131;nodo: 131
132;nodo: 132
133;nodo: 133
134;nodo: 134
135;nodo: 135
136;nodo: 136
137;nodo: 137
138;nodo: 138
139;nodo: 139
140;nodo: 140
141;nodo: 141
142;nodo: 142
143;nodo: 143
144;nodo: 144
145;nodo: 145
146;nodo: 146
147;nodo: 147
148;nodo: 148
149;nodo: 149
150;nodo: 150
151;nodo: 151
152;nodo: 152
153;nodo: 153
154;nodo: 154
155;nodo: 155
156;nodo: 156
157;nodo: 157
158;nodo: 158
159;nodo: 159
160;nodo: 160
161;nodo: 161
162;nodo: 162
163;nodo: 163
164;nodo: 164
165;nodo: 165
166;nodo: 166
167;nodo: 167
168;nodo: 168
169;nodo: 169
170;nodo: 170
171;nodo: 171
172;nodo: 172
173;nodo: 173
174;nodo: 174
175;nodo: 175
176;nodo: 176
177;nodo: 177
178;nodo: 178
179;nodo: 179
180;nodo: 180
181;nodo: 181
182;nodo: 182
183;nodo: 183
184;nodo: 184
185;nodo: 185
186;nodo: 186
187;nodo: 187
188;nodo: 188
189;nodo: 189
190;nodo: 190
191;nodo: 191
192;nodo: 192
193;nodo: 193
194;nodo: 194
195;nodo: 195
196;nodo: 196
197;nodo: 197
198;nodo: 198
199;nodo: 199
200;nodo: 200
201;nodo: 201
202;nodo: 202
203;nodo: 203
204;nodo: 204
205;nodo: 205
206;nodo: 206
207;nodo: 207
208;nodo: 208
209;nodo: 209
210;nodo: 210
211;nodo: 211
212;nodo: 212
213;nodo: 213
214;nodo: 214
215;nodo: 215
216;nodo: 216
217;nodo: 217
218;nodo: 218
219;nodo: 219
220;nodo: 220
221;nodo: 221
222;nodo: 222
223;nodo: 223
224;nodo: 224
225;nodo: 225
226;nodo: 226
227;nodo: 227
228;nodo: 228
229;nodo: 229
230;nodo: 230
231;nodo: 231
232;nodo: 232
233;nodo: 233
234;nodo: 234
235;nodo: 235
236;nodo: 236
237;nodo: 237
238;nodo: 238
239;nodo: 239
240;nodo: 240
241;nodo: 241
242;nodo: 242
243;nodo: 243
244;nodo: 244
245;nodo: 245
246;nodo: 246
247;nodo: 247
248;nodo: 248
249;nodo: 249
250;nodo: 250
251;nodo: 251
252;nodo: 252
253;nodo: 253
254;nodo: 254
255;nodo: 255
256;nodo: 256
257;nodo: 257
258;nodo: 258
259;nodo: 259
260;nodo: 260
261;nodo: 261
262;nodo: 262
263;nodo: 263
264;nodo: 264
265;nodo: 265
266;nodo: 266
267;nodo: 267
268;nodo: 268
269;nodo: 269
270;nodo: 270
271;nodo: 271
272;nodo: 272
273;nodo: 273
274;nodo: 274
275;nodo: 275
276;nodo: 276
277;nodo: 277
278;nodo: 278
279;nodo: 279
280;nodo: 280
281;nodo: 281
282;nodo: 282
283;nodo: 283
284;nodo: 284
285;nodo: 285
286;nodo: 286
287;nodo: 287
288;nodo: 288
289;nodo: 289
290;nodo: 290
291;nodo: 291
292;nodo: 292
293;nodo: 293
294;nodo: 294
295;nodo: 295
296;nodo: 296
297;nodo: 297
298;nodo: 298
299;nodo: 299
300;nodo: 300
301;nodo: 301
302;nodo: 302
303;nodo: 303
304;nodo: 304
305;nodo: 305
306;nodo: 306
307;nodo: 307
308;nodo: 308
309;nodo: 309
310;nodo: 310
311;nodo: 311
312;nodo: 312
313;nodo: 313
314;nodo: 314
315;nodo: 315
316;nodo: 316
317;nodo: 317
318;nodo: 318
319;nodo: 319
320;nodo: 320
321;nodo: 321
322;nodo: 322
323;nodo: 323
324;nodo: 324
325;nodo: 325
326;nodo: 326
327;nodo: 327
328;nodo: 328
329;nodo: 329
330;nodo: 330
331;nodo: 331
332;nodo: 332
333;nodo: 333
334;nodo: 334
335;nodo: 335
336;nodo: 336
337;nodo: 337
338;nodo: 338
339;nodo: 339
340;nodo: 340
341;nodo: 341
342;nodo: 342
343;nodo: 343
344;nodo: 344
345;nodo: 345
346;nodo: 346
347;nodo: 347
348;nodo: 348
349;nodo: 349
350;nodo: 350
351;nodo: 351
352;nodo: 352
353;nodo: 353
354;nodo: 354
355;nodo: 355
356;nodo: 356
357;nodo: 357
358;nodo: 358
359;nodo: 359
360;nodo: 360
361;nodo: 361
362;nodo: 362
363;nodo: 363
364;nodo: 364
365;nodo: 365
366;nodo: 366
367;nodo: 367
368;nodo: 368
369;nodo: 369
370;nodo: 370
371;nodo: 371
372;nodo: 372
373;nodo: 373
374;nodo: 374
375;nodo: 375
376;nodo: 376
377;nodo: 377
378;nodo: 378
379;nodo: 379
380;nodo: 380
381;nodo: 381
382;nodo: 382
383;nodo: 383
384;nodo: 384
385;nodo: 385
386;nodo: 386
387;nodo: 387
388;nodo: 388
389;nodo: 389
390;nodo: 390
391;nodo: 391
392;nodo: 392
393;nodo: 393
394;nodo: 394
395;nodo: 395
396;nodo: 396
397;nodo: 397
398;nodo: 398
399;nodo: 399
400;nodo: 400
401;nodo: 401
402;nodo: 402
403;nodo: 403
404;nodo: 404
405;nodo: 405
406;nodo: 406
407;nodo: 407
408;nodo: 408
409;nodo: 409
410;nodo: 410
411;nodo: 411
412;nodo: 412
413;nodo: 413
414;nodo: 414
415;nodo: 415
416;nodo: 416
417;nodo: 417
418;nodo: 418
419;nodo: 419
420;nodo: 420
421;nodo: 421
422;nodo: 422
423;nodo: 423
424;nodo: 424
425;nodo: 425
426;nodo: 426
427;nodo: 427
428;nodo: 428
429;nodo: 429
430;nodo: 430
431;nodo: 431
432;nodo: 432
433;nodo: 433
434;nodo: 434
435;nodo: 435
436;nodo: 436
437;nodo: 437
438;nodo: 438
439;nodo: 439
440;nodo: 440
441;nodo: 441
442;nodo: 442
443;nodo: 443
444;nodo: 444
445;nodo: 445
446;nodo: 446
447;nodo: 447
448;nodo: 448
449;nodo: 449
450;nodo: 450
451;nodo: 451
452;nodo: 452
453;nodo: 453
454;nodo: 454
455;nodo: 455
456;nodo: 456
457;nodo: 457
458;nodo: 458
459;nodo: 459
460;nodo: 460
461;nodo: 461
462;nodo: 462
463;nodo: 463
464;nodo: 464
465;nodo: 465
466;nodo: 466
467;nodo: 467
468;nodo: 468
469;nodo: 469
470;nodo: 470
471;nodo: 471
472;nodo: 472
473;nodo: 473
474;nodo: 474
475;nodo: 475
476;nodo: 476
477;nodo: 477
478;nodo: 478
479;nodo: 479
480;nodo: 480
481;nodo: 481
482;nodo: 482
483;nodo: 483
484;nodo: 484
485;nodo: 485
486;nodo: 486
487;nodo: 487
488;nodo: 488
489;nodo: 489
490;nodo: 490
491;nodo: 491
492;nodo: 492
493;nodo: 493
494;nodo: 494
495;nodo: 495
496;nodo: 496
497;nodo: 497
498;nodo: 498
499;nodo: 499
500;nodo: 500
501;nodo: 501
502;nodo: 502
503;nodo: 503
504;nodo: 504
505;nodo: 505
506;nodo: 506
507;nodo: 507
508;nodo: 508
509;nodo: 509
510;nodo: 510
511;nodo: 511
512;nodo: 512
513;nodo: 513
514;nodo: 514
515;nodo: 515
516;nodo: 516
517;nodo: 517
518;nodo: 518
519;nodo: 519
520;nodo: 520
521;nodo: 521
522;nodo: 522
523;nodo: 523
524;nodo: 524
525;nodo: 525
526;nodo: 526
527;nodo: 527
528;nodo: 528
529;nodo: 529
530;nodo: 530
531;nodo: 531
532;nodo: 532
533;nodo: 533
534;nodo: 534
535;nodo: 535
536;nodo: 536
537;nodo: 537
538;nodo: 538
539;nodo: 539
540;nodo: 540
541;nodo: 541
542;nodo: 542
543;nodo: 543
544;nodo: 544
545;nodo: 545
546;nodo: 546
547;nodo: 547
548;nodo: 548
549;nodo: 549
550;nodo: 550
551;nodo: 551
552;nodo: 552
553;nodo: 553
554;nodo: 554
555;nodo: 555
556;nodo: 556
557;nodo: 557
558;nodo: 558
559;nodo: 559
560;nodo: 560
561;nodo: 561
562;nodo: 562
563;nodo: 563
564;nodo: 564
565;nodo: 565
566;nodo: 566
567;nodo: 567
568;nodo: 568
569;nodo: 569
570;nodo: 570
571;nodo: 571
572;nodo: 572
573;nodo: 573
574;nodo: 574
575;nodo: 575
576;nodo: 576
577;nodo: 577
578;nodo: 578
579;nodo: 579
580;nodo: 580
581;nodo: 581
582;nodo: 582
583;nodo: 583
584;nodo: 584
585;nodo: 585
586;nodo: 586
587;nodo: 587
588;nodo: 588
589;nodo: 589
590;nodo: 590
591;nodo: 591
592;nodo: 592
593;nodo: 593
594;nodo: 594
595;nodo: 595
596;nodo: 596
597;nodo: 597
598;nodo: 598
599;nodo: 599
600;nodo: 600
601;nodo: 601
602;nodo: 602
603;nodo: 603
604;nodo: 604
605;nodo: 605
606;nodo: 606
607;nodo: 607
608;nodo: 608
609;nodo: 609
610;nodo: 610
611;nodo: 611
612;nodo: 612
613;nodo: 613
614;nodo: 614
615;nodo: 615
616;nodo: 616
617;nodo: 617
618;nodo: 618
619;nodo: 619
620;nodo: 620
621;nodo: 621
622;nodo: 622
623;nodo: 623
624;nodo: 624
625;nodo: 625
626;nodo: 626
627;nodo: 627
628;nodo: 628
629;nodo: 629
630;nodo: 630
631;nodo: 631
632;nodo: 632
633;nodo: 633
634;nodo: 634
635;nodo: 635
636;nodo: 636
637;nodo: 637
638;nodo: 638
639;nodo: 639
640;nodo: 640
641;nodo: 641
642;nodo: 642
643;nodo: 643
644;nodo: 644
645;nodo: 645
646;nodo: 646
647;nodo: 647
648;nodo: 648
649;nodo: 649
650;nodo: 650
651;nodo: 651
652;nodo: 652
653;nodo: 653
654;nodo: 654
655;nodo: 655
656;nodo: 656
657;nodo: 657
658;nodo: 658
659;nodo: 659
660;nodo: 660
661;nodo: 661
662;nodo: 662
663;nodo: 663
664;nodo: 664
665;nodo: 665
666;nodo: 666
667;nodo: 667
668;nodo: 668
669;nodo: 669
670;nodo: 670
671;nodo: 671
672;nodo: 672
673;nodo: 673
674;nodo: 674
675;nodo: 675
676;nodo: 676
677;nodo: 677
678;nodo: 678
679;nodo: 679
680;nodo: 680
681;nodo: 681
682;nodo: 682
683;nodo: 683
684;nodo: 684
685;nodo: 685
686;nodo: 686
687;nodo: 687
688;nodo: 688
689;nodo: 689
690;nodo: 690
691;nodo: 691
692;nodo: 692
693;nodo: 693
694;nodo: 694
695;nodo: 695
696;nodo: 696
697;nodo: 697
698;nodo: 698
699;nodo: 699
700;nodo: 700
701;nodo: 701
702;nodo: 702
703;nodo: 703
704;nodo: 704
705;nodo: 705
706;nodo: 706
707;nodo: 707
708;nodo: 708
709;nodo: 709
710;nodo: 710
711;nodo: 711
712;nodo: 712
713;nodo: 713
714;nodo: 714
715;nodo: 715
716;nodo: 716
717;nodo: 717
718;nodo: 718
719;nodo: 719
720;nodo: 720
721;nodo: 721
722;nodo: 722
723;nodo: 723
724;nodo: 724
725;nodo: 725
726;nodo: 726
727;nodo: 727
728;nodo: 728
729;nodo: 729
730;nodo: 730
731;nodo: 731
732;nodo: 732
733;nodo: 733
734;nodo: 734
735;nodo: 735
736;nodo: 736
737;nodo: 737
738;nodo: 738
739;nodo: 739
740;nodo: 740
741;nodo: 741
742;nodo: 742
743;nodo: 743
744;nodo: 744
745;nodo: 745
746;nodo: 746
747;nodo: 747
748;nodo: 748
749;nodo: 749
750;nodo: 750
751;nodo: 751
752;nodo: 752
753;nodo: 753
754;nodo: 754
755;nodo: 755
756;nodo: 756
757;nodo: 757
758;nodo: 758
759;nodo: 759
760;nodo: 760
761;nodo: 761
762;nodo: 762
763;nodo: 763
764;nodo: 764
765;nodo: 765
766;nodo: 766
767;nodo: 767
768;nodo: 768
769;nodo: 769
770;nodo: 770
771;nodo: 771
772;nodo: 772
773;nodo: 773
774;nodo: 774
775;nodo: 775
776;nodo: 776
777;nodo: 777
778;nodo: 778
779;nodo: 779
780;nodo: 780
781;nodo: 781
782;nodo: 782
783;nodo: 783
784;nodo: 784
785;nodo: 785
786;nodo: 786
787;nodo: 787
788;nodo: 788
789;nodo: 789
790;nodo: 790
791;nodo: 791
792;nodo: 792
793;nodo: 793
794;nodo: 794
795;nodo: 795
796;nodo: 796
797;nodo: 797
798;nodo: 798
799;nodo: 799
800;nodo: 800
801;nodo: 801
802;nodo: 802
803;nodo: 803
804;nodo: 804
805;nodo: 805
806;nodo: 806
807;nodo: 807
808;nodo: 808
809;nodo: 809
810;nodo: 810
811;nodo: 811
812;nodo: 812
813;nodo: 813
814;nodo: 814
815;nodo: 815
816;nodo: 816
817;nodo: 817
818;nodo: 818
819;nodo: 819
820;nodo: 820
821;nodo: 821
822;nodo: 822
823;nodo: 823
824;nodo: 824
825;nodo: 825
826;nodo: 826
827;nodo: 827
828;nodo: 828
829;nodo: 829
830;nodo: 830
831;nodo: 831
832;nodo: 832
833;nodo: 833
834;nodo: 834
835;nodo: 835
836;nodo: 836
837;nodo: 837
838;nodo: 838
839;nodo: 839
840;nodo: 840
841;nodo: 841
842;nodo: 842
843;nodo: 843
844;nodo: 844
845;nodo: 845
846;nodo: 846
847;nodo: 847
848;nodo: 848
849;nodo: 849
850;nodo: 850
851;nodo: 851
852;nodo: 852
853;nodo: 853
854;nodo: 854
855;nodo: 855
856;nodo: 856
857;nodo: 857
858;nodo: 858
859;nodo: 859
860;nodo: 860
861;nodo: 861
862;nodo: 862
863;nodo: 863
864;nodo: 864
865;nodo: 865
866;nodo: 866
867;nodo: 867
868;nodo: 868
869;nodo: 869
870;nodo: 870
871;nodo: 871
872;nodo: 872
873;nodo: 873
874;nodo: 874
875;nodo: 875
876;nodo: 876
877;nodo: 877
878;nodo: 878
879;nodo: 879
880;nodo: 880
881;nodo: 881
882;nodo: 882
883;nodo: 883
884;nodo: 884
885;nodo: 885
886;nodo: 886
887;nodo: 887
888;nodo: 888
889;nodo: 889
890;nodo: 890
891;nodo: 891
892;nodo: 892
893;nodo: 893
894;nodo: 894
895;nodo: 895
896;nodo: 896
897;nodo: 897
898;nodo: 898
899;nodo: 899
900;nodo: 900
901;nodo: 901
902;nodo: 902
903;nodo: 903
904;nodo: 904
905;nodo: 905
906;nodo: 906
907;nodo: 907
908;nodo: 908
909;nodo: 909
910;nodo: 910
911;nodo: 911
912;nodo: 912
913;nodo: 913
914;nodo: 914
915;nodo: 915
916;nodo: 916
917;nodo: 917
918;nodo: 918
919;nodo: 919
920;nodo: 920
921;nodo: 921
922;nodo: 922
923;nodo: 923
924;nodo: 924
925;nodo: 925
926;nodo: 926
927;nodo: 927
928;nodo: 928
929;nodo: 929
930;nodo: 930
931;nodo: 931
932;nodo: 932
933;nodo: 933
934;nodo: 934
935;nodo: 935
936;nodo: 936
937;nodo: 937
938;nodo: 938
939;nodo: 939
940;nodo: 940
941;nodo: 941
942;nodo: 942
943;nodo: 943
944;nodo: 944
945;nodo: 945
946;nodo: 946
947;nodo: 947
948;nodo: 948
949;nodo: 949
950;nodo: 950
951;nodo: 951
952;nodo: 952
953;nodo: 953
954;nodo: 954
955;nodo: 955
956;nodo: 956
957;nodo: 957
958;nodo: 958
959;nodo: 959
960;nodo: 960
961;nodo: 961
962;nodo: 962
963;nodo: 963
964;nodo: 964
965;nodo: 965
966;nodo: 966
967;nodo: 967
968;nodo: 968
969;nodo: 969
970;nodo: 970
971;nodo: 971
972;nodo: 972
973;nodo: 973
974;nodo: 974
975;nodo: 975
976;nodo: 976
977;nodo: 977
978;nodo: 978
979;nodo: 979
980;nodo: 980
981;nodo: 981
982;nodo: 982
983;nodo: 983
984;nodo: 984
985;nodo: 985
986;nodo: 986
987;nodo: 987
988;nodo: 988
989;nodo: 989
990;nodo: 990
991;nodo: 991
992;nodo: 992
993;nodo: 993
994;nodo: 994
995;nodo: 995
996;nodo: 996
997;nodo: 997
998;nodo: 998
999;nodo: 999
1000;nodo: 1000
